question,category
I thoroughly proofread important written work before finalizing it.,communication
I ensure my written messages convey the intended tone and emotional context.,communication
I can explain complex topics clearly to people with no background knowledge.,communication
My body language consistently matches the verbal message I am communicating.,communication
I ensure my message is understood correctly by checking for comprehension.,communication
I use appropriate eye contact to enhance my communication effectiveness.,communication
I structure important emails and documents in a logical and organized manner.,communication
I can accurately interpret others' nonverbal cues during interactions.,communication
I handle interruptions during presentations without losing my train of thought.,communication
I ensure clarity in my written communications by using precise language.,communication
I adapt my communication style effectively to different types of audiences.,communication
I adapt my writing style appropriately for different purposes and audiences.,communication
I effectively adjust my nonverbal communication based on different settings.,communication
I am highly aware of my body language during conversations.,communication
I actively use strategies to improve my listening skills on a regular basis.,communication
I handle making unpopular decisions in a thoughtful and principled manner.,leadership
I balance delegating tasks with maintaining appropriate oversight.,leadership
I use effective strategies to inspire and energize team members.,leadership
I systematically evaluate the effectiveness of decisions I've made.,leadership
I recognize and utilize team members' individual strengths in task assignments.,leadership
I maintain high team motivation levels even during long-term projects.,leadership
I make effective decisions even under significant time pressure.,leadership
I follow a clear process when making important decisions.,leadership
I effectively motivate team members who are struggling with their tasks.,leadership
I balance input from others with my own judgment when making decisions.,leadership
I successfully lead teams through challenging situations by providing clear direction.,leadership
"I take full responsibility for team outcomes, whether successful or not.",leadership
I handle team failures or mistakes constructively and without blame.,leadership
I effectively encourage accountability in all team members.,leadership
I address situations where team members don't meet expectations in a constructive way.,leadership
I use effective strategies to avoid procrastination on important tasks.,time_management
I decide which tasks to prioritize effectively when everything seems urgent.,time_management
I take appropriate action promptly when I realize I might miss a deadline.,time_management
I utilize appropriate tools and systems to manage my time effectively.,time_management
I communicate clearly about timeline expectations and any potential changes.,time_management
I use effective strategies to work efficiently and maximize productivity.,time_management
I set realistic timeframes for my work based on accurate estimates.,time_management
I identify and eliminate time-wasting activities in my schedule.,time_management
I maintain an organized system for managing tasks and responsibilities.,time_management
I strike an appropriate balance between thoroughness and efficiency in my work.,time_management
I handle multiple competing deadlines without becoming overwhelmed.,time_management
I minimize distractions successfully during important focused work.,time_management
I adapt my priorities smoothly when circumstances change unexpectedly.,time_management
I meet deadlines consistently across all areas of responsibility.,time_management
I balance long-term goals with immediate demands in my planning.,time_management
I follow a structured process for making evidence-based decisions.,analytical
I consistently use data to support my recommendations and decisions.,analytical
I identify meaningful patterns and trends in information effectively.,analytical
I balance analysis with the need for timely action when solving problems.,analytical
I identify biases in my own thinking and adjust my analysis accordingly.,analytical
I break down large problems into manageable parts before solving them.,analytical
I regularly challenge my own assumptions when analyzing situations.,analytical
I feel comfortable interpreting complex numerical data and statistics.,analytical
I communicate complex data insights to others in an understandable way.,analytical
I evaluate potential solutions thoroughly before implementation.,analytical
I approach complex problems with a clear and effective methodology.,analytical
I determine what data is relevant to a decision using clear criteria.,analytical
I approach situations with conflicting information in a systematic manner.,analytical
I evaluate the credibility of information using consistent criteria.,analytical
I use effective strategies when I'm stuck on a difficult problem.,analytical
I can effectively persuade others when presenting my ideas.,communication
I maintain eye contact when having important conversations.,communication
I prepare thoroughly before giving important presentations.,communication
I adapt my communication style to match the emotional state of others.,communication
I effectively summarize complex information for different audiences.,communication
I ask clarifying questions when I don't understand something.,communication
I maintain appropriate professional tone in all forms of communication.,communication
I offer constructive feedback in a way that is well-received.,communication
I communicate clearly even in high-pressure situations.,communication
I recognize when active listening is more important than speaking.,communication
I help team members develop their professional skills.,leadership
I actively seek feedback on my leadership style.,leadership
I adjust my leadership approach based on the needs of the team.,leadership
I create an environment where team members feel safe to take risks.,leadership
I advocate for my team's needs to higher management effectively.,leadership
I consistently set a good example for my team members.,leadership
I mediate conflicts within the team constructively.,leadership
I communicate organizational goals clearly to my team.,leadership
I celebrate team successes and recognize individual contributions.,leadership
I maintain my composure as a leader during challenging situations.,leadership
I regularly assess how I spend my time to identify improvements.,time_management
I use effective tools or systems to track my tasks and deadlines.,time_management
I allocate sufficient time for self-care and preventing burnout.,time_management
I say 'no' when taking on additional tasks would impact my priorities.,time_management
I maintain focus on tasks despite digital distractions.,time_management
I prepare contingency plans for possible delays or complications.,time_management
I regularly reflect on my productivity patterns to optimize my schedule.,time_management
I delegate tasks appropriately when my workload becomes excessive.,time_management
I use waiting or transition time productively.,time_management
I establish clear boundaries between work and personal time.,time_management
I recognize and avoid common logical fallacies in my thinking.,analytical
I use frameworks or models to analyze complex situations.,analytical
I consider ethical implications when analyzing problems.,analytical
I distinguish between correlation and causation in data analysis.,analytical
I seek diverse perspectives when analyzing complex problems.,analytical
I validate my assumptions with evidence before reaching conclusions.,analytical
I can articulate the limitations of my analysis.,analytical
I use analogies effectively to understand unfamiliar problems.,analytical
I identify potential biases in data sources I'm working with.,analytical
I accurately assess the reliability of different information sources.,analytical
